Producción;Código departamento;Código municipio;Departamento;Municipio
4278.3;52;52473;Nariño;Mosquera
22943;95;95200;Guaviare;Miraflores
5169.3;70;70400;Sucre;La Unión
464342.02;68;68770;Santander;Suaita
205028.03;73;73001;Tolima;Ibagué
26072.16;5;5120;Antioquia;Cáceres
998.14;27;27810;Chocó;Unión Panamericana ( Animas)
2710.58;15;15667;Boyacá;San Luis de Gaceno
3415.02;25;25178;Cundinamarca;Chipaque
148439.23;25;25851;Cundinamarca;Útica
9606.17;73;73622;Tolima;Roncesvalles
4940.43;19;19821;Cauca;Toribío
19500.08;5;5138;Antioquia;Cañasgordas
343.45;68;68132;Santander;California
97799.27;68;68655;Santander;Sabana de Torres
228962;68;68575;Santander;Puerto Wilches
4134.41;8;8634;Atlántico;Sabanagrande
6352;15;15272;Boyacá;Firavitoba
65648.97;50;50150;Meta;Castilla la Nueva
22068.02;13;13894;Bolívar;Zambrano
47391.83;19;19450;Cauca;Mercaderes
227739.58;68;68307;Santander;Girón
21676;70;70001;Sucre;Sincelejo
35908.68;5;5664;Antioquia;San Pedro
10253.85;18;18756;Caquetá;Solano
141879.46;73;73585;Tolima;Purificación
14106.66;86;86001;Putumayo;Mocoa
3573.4;27;27787;Chocó;Tadó
7025.75;54;54099;Norte de Santander;Bochalema
3480.62;68;68250;Santander;El Peñón
18517.43;13;13140;Bolívar;Calamar
21706.41;15;15109;Boyacá;Buenavista
27635.83;54;54174;Norte de Santander;Chitagá
80654.1;20;20001;Cesar;Valledupar
5897.79;25;25086;Cundinamarca;Beltrán
7634.76;15;15897;Boyacá;Zetaquirá
497.1;68;68425;Santander;Macaravita
14710.69;5;5649;Antioquia;San Carlos
1368.27;15;15761;Boyacá;Somondoco
3726.07;68;68872;Santander;Villanueva
308352.6;19;19256;Cauca;El Tambo
82751.99;19;19622;Cauca;Rosas
30441.29;17;17873;Caldas;Villamaria
16813.2;25;25407;Cundinamarca;Lenguazaque
81592.07;25;25489;Cundinamarca;Nimaima
4966.44;27;27580;Chocó;Rio Iró (Santa Rita)
21825.5;13;13248;Bolívar;El Guamo
502652.91;76;76306;Valle del Cauca;Ginebra
45452.35;15;15804;Boyacá;Tibaná
130860.24;23;23807;Córdoba;Tierralta
5356.55;17;17442;Caldas;Marmato
94887.55;68;68820;Santander;Tona
25867.86;20;20787;Cesar;Tamalameque
1287;5;5390;Antioquia;La Pintada
31503.54;13;13430;Bolívar;Magangué
15743.81;95;95015;Guaviare;Calamar
52357.05;25;25430;Cundinamarca;Madrid
7933.42;5;5088;Antioquia;Bello
1295.12;15;15550;Boyacá;Pisba
1450.05;15;15092;Boyacá;Betéitiva
1126.94;25;25486;Cundinamarca;Nemocón
11609.39;70;70233;Sucre;El Roble
78884.02;25;25183;Cundinamarca;Chocontá
49295.65;76;76869;Valle del Cauca;Vijes
72884.24;13;13006;Bolívar;Achí
59787.2;73;73055;Tolima;Armero (Guayabal)
24757.97;47;47318;Magdalena;Guamal
12653.76;50;50330;Meta;Mesetas
25106.33;41;41530;Huila;Palestina
1451.65;15;15403;Boyacá;La Uvita
12029.29;25;25288;Cundinamarca;Fúquene
13411.27;52;52520;Nariño;Francisco Pizarro (Salahonda)
1255.07;25;25001;Cundinamarca;Agua de Dios
61910.7;19;19418;Cauca;López
7140.93;15;15238;Boyacá;Duitama
1621.61;25;25645;Cundinamarca;San Antonio de  Tequendama
51611.95;41;41020;Huila;Algeciras
1848.11;15;15317;Boyacá;Guacamayas
529237.03;19;19300;Cauca;Guachene
16093.23;68;68190;Santander;Cimitarra
1543.87;97;97161;Vaupés;Carurú
31144.38;20;20175;Cesar;Chimichagua
17556.93;23;23672;Córdoba;San Antero
1127.3;5;5321;Antioquia;Guatapé
17816.4;70;70717;Sucre;San Pedro
27740.96;70;70215;Sucre;Corozal
33656.43;5;5368;Antioquia;Jericó
5810.8;70;70820;Sucre;Tolú
27704.12;25;25269;Cundinamarca;Facatativá
10220.45;25;25594;Cundinamarca;Quetame
2229.9;25;25324;Cundinamarca;Guataquí
102165.95;23;23189;Córdoba;Ciénaga de Oro
6214.48;27;27006;Chocó;Acandí
229623.67;76;76400;Valle del Cauca;La Unión
1821.88;17;17495;Caldas;Norcasia
28208.6;23;23555;Córdoba;Planeta Rica
88654.28;25;25899;Cundinamarca;Zipaquirá
101203.17;20;20238;Cesar;El Copey
18773;47;47675;Magdalena;Salamina
35587.17;5;5361;Antioquia;Ituango
6526.56;13;13667;Bolívar;San Martin de Loba
20783.06;73;73483;Tolima;Natagaima
179364.07;76;76403;Valle del Cauca;La Victoria
12684.07;41;41483;Huila;Nátaga
6770.7;13;13683;Bolívar;Santa Rosa
1768.32;52;52699;Nariño;Santa Cruz (Guachavés)
51655.91;68;68077;Santander;Barbosa
3741.74;5;5030;Antioquia;Amagá
55527.77;63;63548;Quindío;Pijao
6721.11;25;25758;Cundinamarca;Sopó
19972.17;25;25878;Cundinamarca;Viotá
1622.94;17;17380;Caldas;La Dorada
59903.43;63;63001;Quindío;Armenia
59954.6;25;25535;Cundinamarca;Pasca
1506.72;50;50223;Meta;Cubarral
19871.4;25;25662;Cundinamarca;San Juan de Rioseco
6844.43;15;15491;Boyacá;Nobsa
41614.31;68;68547;Santander;Piedecuesta
54739.25;19;19824;Cauca;Totoró
174419.29;50;50590;Meta;Puerto Rico
624.5;68;68867;Santander;Vetas
40660.8;17;17665;Caldas;San José
18049.05;63;63690;Quindío;Salento
3356.1;13;13620;Bolívar;San Cristobal
30504.34;68;68235;Santander;El Carmen
12487.86;68;68245;Santander;El Guacamayo
123361.55;70;70429;Sucre;Majagual
211212.37;41;41668;Huila;San Agustín
24438.41;52;52381;Nariño;La Florida
20047.12;68;68468;Santander;Molagavita
11736.13;54;54250;Norte de Santander;El Tarra
5073.16;15;15180;Boyacá;Chiscas
10827.92;5;5250;Antioquia;El Bagre
18825.68;27;27430;Chocó;Medio Baudó(Boca de Pepé)
46884;73;73030;Tolima;Ambalema
7667.1;68;68895;Santander;Zapatoca
15139.98;5;5887;Antioquia;Yarumal
6613.48;15;15774;Boyacá;Susacón
11093.27;91;91001;Amazonas;Leticia
2448.83;5;5353;Antioquia;Hispania
3306.24;68;68773;Santander;Sucre
7295.62;8;8078;Atlántico;Baranoa
314474.43;25;25873;Cundinamarca;Villapinzón
12945.17;25;25402;Cundinamarca;La Vega
9579.95;25;25328;Cundinamarca;Guayabal de Síquima
34216.12;15;15204;Boyacá;Cómbita
27576.01;15;15839;Boyacá;Tutazá
86920.82;85;85440;Casanare;Villanueva
117789.16;68;68615;Santander;Rionegro
193945.42;50;50313;Meta;Granada
29242.47;54;54223;Norte de Santander;Cucutilla
14611.97;41;41518;Huila;Paicol
325350.7;17;17877;Caldas;Viterbo
12739.2;18;18785;Caquetá;Solita
30033.42;73;73275;Tolima;Flandes
78503.26;52;52585;Nariño;Pupiales
15486.94;5;5790;Antioquia;Tarazá
32029.67;25;25281;Cundinamarca;Fosca
17530.96;5;5154;Antioquia;Caucasia
56196.7;23;23855;Córdoba;Valencia
37580.45;15;15455;Boyacá;Miraflores
13730.87;5;5101;Antioquia;Ciudad Bolívar
4537.11;5;5467;Antioquia;Montebello
34930.05;13;13580;Bolívar;Regidor
176681.82;15;15740;Boyacá;Siachoque
80427.6;52;52260;Nariño;El Tambo
20621.13;52;52788;Nariño;Tangua
13283.42;23;23580;Córdoba;Puerto Libertador
49141.53;25;25035;Cundinamarca;Anapoima
9963.9;63;63190;Quindío;Circasia
17940.34;5;5313;Antioquia;Granada
135292.13;85;85225;Casanare;Nunchía
1157.78;68;68705;Santander;Santa Bárbara
1713.4;5;5819;Antioquia;Toledo
53119.91;13;13433;Bolívar;Mahates
21332.05;25;25245;Cundinamarca;El Colegio
10186.81;54;54673;Norte de Santander;San Cayetano
182703.96;15;15469;Boyacá;Moniquirá
154838.95;85;85325;Casanare;San Luis de Palenque
35077.63;41;41306;Huila;Gigante
3729.19;25;25019;Cundinamarca;Albán
69239.62;73;73152;Tolima;Casabianca
31014.24;76;76243;Valle del Cauca;El Águila
60816.59;20;20770;Cesar;San Martín
3478.01;15;15810;Boyacá;Tipacoque
552131.52;50;50568;Meta;Puerto Gaitán
14638;50;50350;Meta;La Macarena
7675.73;54;54109;Norte de Santander;Bucarasica
6166;68;68324;Santander;Guavatá
19286.04;25;25426;Cundinamarca;Machetá
7057.84;25;25436;Cundinamarca;Manta
362684.55;68;68406;Santander;Lebrija
88000.86;41;41551;Huila;Pitalito
5042.3;15;15187;Boyacá;Chivatá
2747.31;25;25658;Cundinamarca;San Francisco
40987.53;52;52323;Nariño;Gualmatán
375480.18;76;76890;Valle del Cauca;Yotoco
1858.6;44;44378;La Guajira;Hato Nuevo
36093.7;17;17616;Caldas;Risaralda
6027.64;13;13836;Bolívar;Turbaco
203098;15;15816;Boyacá;Togüí
24540.77;15;15367;Boyacá;Jenesano
63630.71;52;52019;Nariño;Albán (San José)
5153.58;5;5543;Antioquia;Peque
1850.51;73;73349;Tolima;Honda
3994.91;15;15518;Boyacá;Pajarito
7334.68;5;5036;Antioquia;Angelópolis
7906.67;86;86865;Putumayo;Valle del Guamuez (La Hormiga)
6348.63;54;54660;Norte de Santander;Salazar
6851;47;47541;Magdalena;Pedraza
17037.8;47;47692;Magdalena;San Sebastián de Buenavista
12408.73;54;54518;Norte de Santander;Pamplona
9879.64;27;27077;Chocó;Bajo Baudó (Pizarro)
76732.31;47;47745;Magdalena;Sitionuevo
4657.76;5;5125;Antioquia;Caicedo
12736.66;41;41503;Huila;Oporapa
6292.62;47;47605;Magdalena;Remolino
6659.15;68;68079;Santander;Barichara
10446.91;86;86568;Putumayo;Puerto Asís
35038.5;73;73563;Tolima;Prado
181625.78;5;5890;Antioquia;Yolombó
7776.68;13;13838;Bolívar;Turbana
20343.4;13;13222;Bolívar;Clemencia
133812.32;85;85230;Casanare;Orocué
63698.56;76;76606;Valle del Cauca;Restrepo
13583.79;91;91540;Amazonas;Puerto Nariño
7818.34;54;54874;Norte de Santander;Villa del Rosario
2159.21;5;5501;Antioquia;Olaya
5585.84;25;25335;Cundinamarca;Guayabetal
34501;47;47460;Magdalena;Nueva Granada
17343.68;25;25317;Cundinamarca;Guachetá
1508.97;15;15720;Boyacá;Sativanorte
6826.14;13;13468;Bolívar;Mompós
57420.73;41;41298;Huila;Garzón
8710.78;13;13074;Bolívar;Barranco de Loba
199960.58;52;52683;Nariño;Sandoná
21022.49;68;68217;Santander;Coromoro
14774.85;68;68385;Santander;Landázuri
1434.95;52;52083;Nariño;Belén
19815.21;15;15806;Boyacá;Tibasosa
2469.25;5;5142;Antioquia;Caracolí
24478.82;23;23675;Córdoba;San Bernardo del Viento
121949.55;5;5038;Antioquia;Angostura
213858.88;52;52835;Nariño;Tumaco
21154.36;52;52354;Nariño;Imués
106245.64;15;15814;Boyacá;Toca
129618.55;52;52207;Nariño;Consacá
85966.28;5;5284;Antioquia;Frontino
77947.33;68;68298;Santander;Gámbita
1724.58;68;68121;Santander;Cabrera
3276.62;54;54405;Norte de Santander;Los Patios
55679.93;68;68679;Santander;San Gil
6518.09;15;15572;Boyacá;Puerto Boyacá
92152.66;68;68464;Santander;Mogotes
54457.54;52;52435;Nariño;Mallama (Piedrancha)
20405.12;19;19075;Cauca;Balboa
19932.28;15;15696;Boyacá;Santa Sofía
76111.6;85;85430;Casanare;Trinidad
2085.1;8;8549;Atlántico;Piojó
30857.55;50;50325;Meta;Mapiripán
49597.76;54;54261;Norte de Santander;El Zulia
1158695.82;76;76563;Valle del Cauca;Pradera
63898.48;17;17653;Caldas;Salamina
49118.82;20;20400;Cesar;La Jagua de Ibirico
2495.85;68;68720;Santander;Santa Helena del Opón
15291.53;68;68162;Santander;Cerrito
6615.92;68;68207;Santander;Concepción
14877.72;20;20032;Cesar;Astrea
6186.07;15;15377;Boyacá;Labranzagrande
5107.79;5;5086;Antioquia;Belmira
11392.7;44;44279;La Guajira;Fonseca
58507.53;19;19100;Cauca;Bolívar
261238.58;68;68673;Santander;San Benito
26232.46;52;52352;Nariño;Iles
6563;47;47555;Magdalena;Plato
37382.25;5;5197;Antioquia;Cocorná
23252.1;99;99773;Vichada;Cumaribo
9969.46;5;5190;Antioquia;Cisneros
390;5;5658;Antioquia;San José de la Montaña
86357.27;52;52036;Nariño;Ancuya
195197.29;50;50689;Meta;San Martín
22950.61;20;20178;Cesar;Chiriguaná
13588.5;27;27099;Chocó;Bojayá (Bellavista)
51833.99;50;50370;Meta;Uribe
35110.01;73;73547;Tolima;Piedras
105412.64;17;17013;Caldas;Aguadas
2729.12;5;5042;Antioquia;Santa Fe de Antioquia
29840.71;41;41791;Huila;Tarqui
26789.07;25;25154;Cundinamarca;Carmen de Carupa
34684.41;68;68081;Santander;Barrancabermeja
10888.18;70;70124;Sucre;Caimito
21680.06;41;41378;Huila;La Argentina
135994.16;76;76100;Valle del Cauca;Bolívar
19498.22;25;25843;Cundinamarca;Ubaté
68518.4;85;85263;Casanare;Pore
5302.28;68;68092;Santander;Betulia
16898.32;68;68229;Santander;Curití
38331.44;5;5282;Antioquia;Fredonia
2421.17;8;8141;Atlántico;Candelaria
10482.29;19;19533;Cauca;Piamonte
54991.06;17;17486;Caldas;Neira
121.45;15;15114;Boyacá;Busbanzá
3981.54;23;23350;Córdoba;La Apartada
1892.6;8;8770;Atlántico;Suan
17128.58;25;25339;Cundinamarca;Gutiérrez
14643.46;15;15832;Boyacá;Tununguá
12121.61;54;54418;Norte de Santander;Lourdes
24754.33;5;5425;Antioquia;Maceo
36485.77;86;86571;Putumayo;Puerto Guzmán
12136.13;5;5376;Antioquia;La Ceja
28157.5;76;76109;Valle del Cauca;Buenaventura
3657.67;5;5113;Antioquia;Buriticá
31037.97;25;25815;Cundinamarca;Tocaima
110325.98;50;50124;Meta;Cabuyaro
41667.91;73;73678;Tolima;San Luis
7918.96;17;17388;Caldas;La Merced
233536.46;76;76823;Valle del Cauca;Toro
14469;15;15638;Boyacá;Sáchica
7244.45;15;15097;Boyacá;Boavita
7380.79;44;44855;La Guajira;Urumita
1365.98;25;25488;Cundinamarca;Nilo
6086.45;54;54239;Norte de Santander;Durania
17909.07;25;25200;Cundinamarca;Cogua
31768.47;52;52696;Nariño;Santa Bárbara (Iscuandé)
3330.46;13;13780;Bolívar;Talaigua Nuevo
7329.32;15;15296;Boyacá;Gámeza
58798.3;73;73408;Tolima;Lérida
123868.65;73;73283;Tolima;Fresno
11209.22;20;20250;Cesar;El Paso
10470.99;25;25580;Cundinamarca;Pulí
3572.7;52;52405;Nariño;Leiva
6239.66;41;41244;Huila;Elías
6703.53;27;27245;Chocó;El Carmen
49632.98;95;95001;Guaviare;San José del Guaviare
8596.65;19;19701;Cauca;Santa Rosa
7061.96;5;5615;Antioquia;Rionegro
61815.86;25;25473;Cundinamarca;Mosquera
3712.85;85;85015;Casanare;Chámeza
29197.93;52;52720;Nariño;Sapuyes
16675.5;41;41807;Huila;Timaná
33140.71;54;54051;Norte de Santander;Arboledas
10960.21;54;54599;Norte de Santander;Ragonvalia
6900;13;13062;Bolívar;Arroyohondo
14851.33;15;15542;Boyacá;Pesca
31297.97;5;5480;Antioquia;Mutatá
96197.35;15;15001;Boyacá;Tunja
30082.28;70;70742;Sucre;Sincé
1507.85;15;15778;Boyacá;Sutatenza
406262.33;76;76616;Valle del Cauca;Riofrío
3728.6;54;54172;Norte de Santander;Chinácota
26451.61;5;5034;Antioquia;Andes
32225.7;63;63302;Quindío;Génova
10342.4;47;47545;Magdalena;Pijiño  del Carmen
28900.08;68;68524;Santander;Palmas del Socorro
13820.39;5;5310;Antioquia;Gómez Plata
20123.73;27;27425;Chocó;Medio Atrato (Beté)
468002.81;76;76001;Valle del Cauca;Cali
1021.36;15;15223;Boyacá;Cubará
240239.02;52;52001;Nariño;Pasto
2598.99;15;15090;Boyacá;Berbeo
3877.5;5;5475;Antioquia;Murindó
17953.87;68;68318;Santander;Guaca
341.83;85;85315;Casanare;Sácama
423215.83;41;41359;Huila;Isnos
20690.16;25;25286;Cundinamarca;Funza
12165.22;52;52490;Nariño;Olaya Herrera (Bocas de Satinga)
20948.01;63;63212;Quindío;Córdoba
15493.02;17;17444;Caldas;Marquetalia
3207.21;5;5652;Antioquia;San Francisco
25027.76;63;63272;Quindío;Filandia
71594.2;63;63130;Quindío;Calarcá
5754.99;68;68444;Santander;Matanza
4515.21;15;15516;Boyacá;Paipa
2315.18;25;25797;Cundinamarca;Tena
27408.31;66;66682;Risaralda;Santa Rosa de Cabal
5510.2;47;47798;Magdalena;Tenerife
49811.17;52;52203;Nariño;Colón (Génova)
76405.31;5;5490;Antioquia;Necoclí
3820.12;52;52240;Nariño;Chachaguí
27280.81;8;8606;Atlántico;Repelón
7711.37;73;73024;Tolima;Alpujarra
7914.87;15;15176;Boyacá;Chiquinquirá
13306.41;15;15600;Boyacá;Ráquira
29706.21;20;20614;Cesar;Rio de Oro
16527.3;52;52224;Nariño;Cuaspud (Carlosama)
254502.16;76;76892;Valle del Cauca;Yumbo
367433.75;19;19142;Cauca;Caloto
1826.65;27;27600;Chocó;Rio Quito (Paimadó)
10700.96;50;50606;Meta;Restrepo
90128.67;23;23001;Córdoba;Montería
73532.97;41;41001;Huila;Neiva
19087.6;70;70473;Sucre;Morroa
33092.26;41;41676;Huila;Santa María
25163.8;5;5893;Antioquia;Yondó (Casabe)
9523.57;15;15131;Boyacá;Caldas
4028.82;54;54871;Norte de Santander;Villa Caro
9371.71;27;27495;Chocó;Nuquí
585758.37;47;47980;Magdalena;Zona Bananera
150068.29;5;5756;Antioquia;Sonsón
806.34;5;5059;Antioquia;Armenia
47852.47;25;25530;Cundinamarca;Paratebueno
3223.88;68;68377;Santander;La Belleza
116462.95;73;73270;Tolima;Falan
8425.89;20;20443;Cesar;Manaure Balcón del Cesar
25343.8;52;52215;Nariño;Córdoba
36010.07;63;63111;Quindío;Buenavista
13323.86;27;27361;Chocó;Istmina
10770.35;94;94001;Guainía;Inírida
101621.69;50;50577;Meta;Puerto Lleras
44290.23;5;5240;Antioquia;Ebéjico
12395.37;8;8558;Atlántico;Polonuevo
85547.18;25;25845;Cundinamarca;Une
10543.32;68;68549;Santander;Pinchote
43276.02;25;25862;Cundinamarca;Vergara
8641.01;15;15837;Boyacá;Tuta
35474.43;19;19532;Cauca;Patía (El Bordo)
13987.87;44;44650;La Guajira;San Juan del Cesar
2803.7;5;5579;Antioquia;Puerto Berrío
45067.38;73;73520;Tolima;Palocabildo
10063.23;25;25214;Cundinamarca;Cota
21896.83;13;13549;Bolívar;Pinillos
102401.15;76;76233;Valle del Cauca;Dagua
161456.28;68;68498;Santander;Ocamonte
33570.97;41;41016;Huila;Aipe
36869.15;15;15476;Boyacá;Motavita
24525.37;15;15835;Boyacá;Turmequé
12117.86;70;70670;Sucre;Sampués
5245.7;15;15183;Boyacá;Chita
24261.86;41;41885;Huila;Yaguará
146219.28;15;15861;Boyacá;Ventaquemada
17327.12;41;41660;Huila;Saladoblanco
9390.72;20;20517;Cesar;Pailitas
4048.42;52;52022;Nariño;Aldana
82968;25;25740;Cundinamarca;Sibaté
4618.9;5;5107;Antioquia;Briceño
288217.78;52;52560;Nariño;Potosí
165005.2;73;73268;Tolima;Espinal
28969.08;5;5642;Antioquia;Salgar
71220.74;23;23660;Córdoba;Sahagún
50746.14;5;5400;Antioquia;La Unión
4449.69;15;15022;Boyacá;Almeida
194568.91;5;5847;Antioquia;Urrao
16057.42;52;52079;Nariño;Barbacoas
80440.62;23;23182;Córdoba;Chinú
696.93;13;13760;Bolívar;Soplaviento
4335.81;47;47720;Magdalena;Santa Bárbara de Pinto
7972.71;23;23815;Córdoba;Tuchín
106780.8;73;73443;Tolima;Mariquita
20224.21;76;76054;Valle del Cauca;Argelia
2046258.85;76;76248;Valle del Cauca;El Cerrito
5234.03;25;25438;Cundinamarca;Medina
8211.26;54;54520;Norte de Santander;Pamplonita
64502.02;68;68755;Santander;Socorro
5074.22;86;86749;Putumayo;Sibundoy
209273.84;85;85250;Casanare;Paz de Ariporo
25145.34;19;19022;Cauca;Almaguer
33885.41;73;73217;Tolima;Coyaima
85664.47;25;25596;Cundinamarca;Quipile
48370.39;27;27001;Chocó;Quibdó
50505.46;20;20383;Cesar;La Gloria
5237.95;66;66170;Risaralda;Dosquebradas
29353.53;25;25599;Cundinamarca;Apulo
7779.82;5;5411;Antioquia;Liborina
130498.95;85;85410;Casanare;Tauramena
2523.95;15;15690;Boyacá;Santa María
15897.37;52;52621;Nariño;Roberto Payán (San José)
233519.46;68;68327;Santander;Güepsa
1297951.09;76;76113;Valle del Cauca;Bugalagrande
59775.39;19;19573;Cauca;Puerto Tejada
22541.19;15;15494;Boyacá;Nuevo Colón
3879.05;19;19785;Cauca;Sucre
38501.56;73;73870;Tolima;Villahermosa
45781.3;76;76863;Valle del Cauca;Versalles
15285.3;68;68152;Santander;Carcasí
78071.77;50;50711;Meta;Vistahermosa
102185.98;15;15407;Boyacá;Villa de Leiva
33089.95;76;76246;Valle del Cauca;El Cairo
42333.88;70;70523;Sucre;Palmito
11610.57;25;25372;Cundinamarca;Junín
33027.17;73;73347;Tolima;Herveo
15775.75;47;47205;Magdalena;Concordia
1766.04;13;13188;Bolívar;Cicuco
6171.33;70;70221;Sucre;Coveñas
33222.54;25;25772;Cundinamarca;Suesca
20506.88;41;41078;Huila;Baraya
499887.08;5;5837;Antioquia;Turbo
11332.38;85;85162;Casanare;Monterrey
594.86;73;73148;Tolima;Carmen de Apicalá
2003.35;85;85300;Casanare;Sabanalarga
6724.11;25;25126;Cundinamarca;Cajicá
46779.66;19;19110;Cauca;Buenos Aires
553500.88;76;76147;Valle del Cauca;Cartago
1135;13;13650;Bolívar;San Fernando
27173.54;15;15531;Boyacá;Pauna
1644.3;15;15248;Boyacá;El Espino
132277.54;54;54206;Norte de Santander;Convención
16178.2;15;15763;Boyacá;Sotaquirá
614735.43;81;81794;Arauca;Tame
20465.5;47;47660;Magdalena;Sabanas de San Angel
27775.18;86;86573;Putumayo;Puerto Leguízamo
11328;13;13440;Bolívar;Margarita
24328.5;8;8421;Atlántico;Luruaco
42374.87;13;13873;Bolívar;Villanueva
4367.5;47;47161;Magdalena;Cerro de San Antonio
17721;5;5873;Antioquia;Vigia del Fuerte
6166.18;68;68684;Santander;San José de Miranda
11261.3;23;23670;Córdoba;San Andrés de Sotavento
27229.94;68;68669;Santander;San Andrés
12348.36;68;68572;Santander;Puente Nacional
7451.96;73;73461;Tolima;Murillo
17205.07;19;19760;Cauca;Sotará (Paispamba)
40525.74;50;50006;Meta;Acacías
12392;25;25777;Cundinamarca;Supatá
199075.98;73;73319;Tolima;Guamo
29781.5;70;70708;Sucre;San Marcos
1677.94;70;70110;Sucre;Buenavista
6969.12;25;25785;Cundinamarca;Tabio
2898.17;86;86760;Putumayo;Santiago
167431.23;52;52838;Nariño;Túquerres
3872.52;17;17446;Caldas;Marulanda
89875.78;47;47001;Magdalena;Santa Marta
950434.87;76;76111;Valle del Cauca;Buga
12081;44;44430;La Guajira;Maicao
50446.88;17;17001;Caldas;Manizales
15174.52;25;25293;Cundinamarca;Gachalá
240865.54;15;15686;Boyacá;Santana
45920.11;19;19397;Cauca;La Vega
4644.69;44;44110;La Guajira;El Molino
825372.31;19;19513;Cauca;Padilla
26709.53;5;5667;Antioquia;San Rafael
9787.45;54;54344;Norte de Santander;Hacarí
557.54;88;88001;San Andrés Providencia y Santa Catalina;San Andrés
5632.49;25;25807;Cundinamarca;Tibirita
26165.86;13;13744;Bolívar;Simití
8896.24;5;5044;Antioquia;Anzá
1625.85;27;27160;Chocó;Cértegui
7046.46;15;15660;Boyacá;San Eduardo
10901.23;73;73226;Tolima;Cunday
29089.01;5;5264;Antioquia;Entrerrios
31149.12;66;66045;Risaralda;Apía
4628.49;44;44420;La Guajira;La Jagua del Pilar
19445.37;19;19548;Cauca;Piendamó
8644.1;54;54553;Norte de Santander;Puerto Santander
23061.35;70;70235;Sucre;Galeras
6209.13;15;15500;Boyacá;Oicatá
2761.7;13;13300;Bolívar;Hatillo de Loba
13437.79;8;8685;Atlántico;Santo Tomás
7706.01;23;23586;Córdoba;Purísima
8484.84;19;19355;Cauca;Inzá
29992.45;18;18001;Caquetá;Florencia
64799.97;50;50110;Meta;Barranca de Upía
20369.69;68;68271;Santander;Florián
16309.46;5;5607;Antioquia;Retiro
14664.72;15;15087;Boyacá;Belén
15250.6;25;25572;Cundinamarca;Puerto Salgar
12258.77;15;15879;Boyacá;Viracachá
14295.3;23;23466;Córdoba;Montelíbano
543.95;68;68522;Santander;Palmar
48469.4;5;5659;Antioquia;San Juan de Urabá
21018.93;76;76126;Valle del Cauca;Calima (El Darién)
187565.11;25;25398;Cundinamarca;La Peña
92160.66;66;66687;Risaralda;Santuario
1699741.54;76;76318;Valle del Cauca;Guacarí
3692.08;15;15135;Boyacá;Campohermoso
949.6;25;25295;Cundinamarca;Gachancipá
83434;73;73671;Tolima;Saldaña
116731.38;15;15632;Boyacá;Saboyá
1144.11;5;5591;Antioquia;Puerto Triunfo
19451.92;47;47703;Magdalena;San Zenón
1454.39;15;15162;Boyacá;Cerinza
17813.9;52;52885;Nariño;Yacuanquer
32775.77;25;25867;Cundinamarca;Vianí
58151.61;47;47053;Magdalena;Aracataca
43284.16;5;5679;Antioquia;Santa Bárbara
29053.43;25;25718;Cundinamarca;Sasaima
92733.07;17;17042;Caldas;Anserma
267.04;5;5129;Antioquia;Caldas
13003.58;41;41026;Huila;Altamira
3237.7;15;15673;Boyacá;San Mateo
40914.22;20;20045;Cesar;Becerrill
25253.8;44;44001;La Guajira;Riohacha
2464.54;5;5150;Antioquia;Carolina
85834.79;25;25885;Cundinamarca;Yacopí
15456.32;23;23168;Córdoba;Chima
11525.9;94;94343;Guainía;Barranco Mina
13008.5;15;15599;Boyacá;Ramiriquí
96020.12;63;63594;Quindío;Quimbaya
46733.37;73;73624;Tolima;Rovira
1190.34;8;8758;Atlántico;Soledad
6535.84;25;25368;Cundinamarca;Jerusalén
7266.19;44;44078;La Guajira;Barrancas
2940.47;52;52427;Nariño;Magüí (Payán)
104808.15;23;23417;Córdoba;Lorica
28236.4;20;20011;Cesar;Aguachica
8350.58;76;76845;Valle del Cauca;Ulloa
23408.43;25;25754;Cundinamarca;Soacha
111540.47;73;73124;Tolima;Cajamarca
17098.52;47;47258;Magdalena;El Piñón
25268.62;18;18247;Caquetá;El Doncello
60825.99;54;54498;Norte de Santander;Ocaña
1651.28;97;97666;Vaupés;Taraira
1345.31;5;5266;Antioquia;Envigado
57219.65;70;70508;Sucre;Ovejas
26534.51;76;76250;Valle del Cauca;El Dovio
9275.41;13;13160;Bolívar;Cantagallo
527578.58;19;19698;Cauca;Santander de Quilichao
9266.65;41;41801;Huila;Teruel
54416.13;17;17433;Caldas;Manzanares
90744.11;13;13688;Bolívar;Santa Rosa del Sur
2104.69;85;85136;Casanare;La Salina
60992.46;19;19807;Cauca;Timbío
12850.72;68;68176;Santander;Chima
2621.22;25;25805;Cundinamarca;Tibacuy
4595.81;25;25781;Cundinamarca;Sutatausa
5546.3;44;44098;La Guajira;Distracción
2928.25;52;52540;Nariño;Policarpa
2672399.85;76;76130;Valle del Cauca;Candelaria
32793.6;13;13600;Bolívar;Rioviejo
17475.5;52;52287;Nariño;Funes
767.3;5;5585;Antioquia;Puerto Nare
86818.22;41;41396;Huila;La Plata
8698.48;15;15681;Boyacá;San Pablo de Borbur
32150.22;54;54398;Norte de Santander;La Playa
90536.63;76;76736;Valle del Cauca;Sevilla
1523.6;27;27205;Chocó;Condoto
19615.95;15;15104;Boyacá;Boyacá
6598.69;27;27025;Chocó;Alto Baudó (Pie de Pato)
12615.77;5;5145;Antioquia;Caramanta
1010.4;15;15757;Boyacá;Socha
2811.86;5;5212;Antioquia;Copacabana
11639.47;54;54125;Norte de Santander;Cácota
5953.93;15;15380;Boyacá;La Capilla
92355.67;68;68855;Santander;Valle de San José
46255.96;17;17174;Caldas;Chinchiná
16729.47;5;5604;Antioquia;Remedios
9289.32;52;52110;Nariño;Buesaco
7404.33;52;52233;Nariño;Cumbitara
5428.6;50;50318;Meta;Guamal
12588.28;68;68255;Santander;El Playón
9751.73;15;15480;Boyacá;Muzo
34431.16;68;68101;Santander;Bolivar
32066.85;19;19137;Cauca;Caldono
22106.59;20;20060;Cesar;Bosconia
3091.04;70;70204;Sucre;Colosó
161271.4;20;20310;Cesar;González
846.45;15;15401;Boyacá;La Victoria
37040.48;13;13670;Bolívar;San Pablo
467596.41;25;25148;Cundinamarca;Caparrapí
48478.61;5;5842;Antioquia;Uramita
7955.89;68;68264;Santander;Encino
153658.13;66;66075;Risaralda;Balboa
4180.91;15;15753;Boyacá;Soatá
8278.76;52;52051;Nariño;Arboleda (Berruecos)
4575.42;5;5736;Antioquia;Segovia
86252.29;13;13442;Bolívar;María la Baja
4979.24;52;52378;Nariño;La Cruz
51597.2;13;13655;Bolívar;San Jacinto del Cauca
6959.32;15;15218;Boyacá;Covarachía
16447.32;8;8560;Atlántico;Ponedera
7930.34;5;5809;Antioquia;Titiribí
755.15;52;52480;Nariño;Nariño
18352.97;70;70418;Sucre;Los Palmitos
523;15;15276;Boyacá;Floresta
27765.2;70;70713;Sucre;San Onofre
1760.5;15;15676;Boyacá;San Miguel de Sema
56204.41;25;25736;Cundinamarca;Sesquilé
18457.78;41;41357;Huila;Íquira
5084.81;50;50270;Meta;El Dorado
1238.74;25;25817;Cundinamarca;Tocancipá
7264.93;5;5055;Antioquia;Argelia
48833.32;68;68397;Santander;La Paz
20500.2;47;47058;Magdalena;Ariguaní (El Dificil)
30283.26;19;19318;Cauca;Guapi
63678.12;5;5674;Antioquia;San Vicente
24286.04;25;25099;Cundinamarca;Bojacá
72872.49;54;54820;Norte de Santander;Toledo
160925.84;5;5172;Antioquia;Chigorodó
59862.59;68;68167;Santander;Charalá
920.44;15;15332;Boyacá;Guicán
8480;70;70823;Sucre;Toluviejo
1857.14;68;68370;Santander;Jordán
34671.13;25;25513;Cundinamarca;Pacho
33848.62;19;19585;Cauca;Puracé (Coconuco)
7305.81;66;66456;Risaralda;Mistrató
8312.94;5;5656;Antioquia;San Jerónimo
6796.78;8;8436;Atlántico;Manatí
89484.88;5;5686;Antioquia;Santa Rosa de Osos
24439.33;19;19693;Cauca;San Sebastián
32198.86;19;19809;Cauca;Timbiquí
579612.08;76;76670;Valle del Cauca;San Pedro
28852.06;13;13458;Bolívar;Montecristo
11613.81;52;52418;Nariño;Los Andes (Sotomayor)
2062.36;54;54347;Norte de Santander;Herrán
11813.72;27;27372;Chocó;Juradó
22.92;88;88564;San Andrés Providencia y Santa Catalina;San Andres Y  Providencia (Santa Isabel)
48865.17;76;76020;Valle del Cauca;Alcalá
83047.14;68;68179;Santander;Chipatá
16823.4;47;47245;Magdalena;El Banco
28076.24;25;25120;Cundinamarca;Cabrera
5568.49;68;68276;Santander;Floridablanca
31027.32;73;73861;Tolima;Venadillo
20992.48;25;25841;Cundinamarca;Ubaque
45940.42;44;44090;La Guajira;Dibulla
36453.59;5;5031;Antioquia;Amalfi
65299.62;5;5079;Antioquia;Barbosa
1537.96;15;15533;Boyacá;Paya
29998.35;25;25769;Cundinamarca;Subachoque
770.6;15;15362;Boyacá;Iza
10269.3;15;15507;Boyacá;Otanche
11021.54;15;15368;Boyacá;Jericó
4803242.25;76;76520;Valle del Cauca;Palmira
31451.73;5;5234;Antioquia;Dabeiba
1246083.53;76;76895;Valle del Cauca;Zarzal
80406.68;18;18150;Caquetá;Cartagena del Chairá
271862.36;85;85139;Casanare;Maní
5581.42;13;13042;Bolívar;Arenal
20519.49;13;13473;Bolívar;Morales
23968.69;5;5690;Antioquia;Santo Domingo
4149.94;15;15514;Boyacá;Páez
14268.33;68;68745;Santander;Simacota
115654.54;50;50001;Meta;Villavicencio
40825.44;41;41206;Huila;Colombia
4623.6;81;81220;Arauca;Cravo Norte
54182.64;19;19473;Cauca;Morales
4767.11;54;54680;Norte de Santander;Santiago
7814.69;47;47960;Magdalena;Zapayán
30611.84;18;18460;Caquetá;Milán
26796.09;5;5789;Antioquia;Támesis
16441.81;5;5861;Antioquia;Venecia
44406.74;54;54385;Norte de Santander;La Esperanza
21981.53;25;25799;Cundinamarca;Tenjo
1818.86;25;25307;Cundinamarca;Girardot
10508.77;15;15293;Boyacá;Gachantivá
25081.83;52;52254;Nariño;El Peñol
3457.17;8;8832;Atlántico;Tubará
31457.1;73;73411;Tolima;Líbano
264399.55;76;76041;Valle del Cauca;Ansermanuevo
112958.61;73;73168;Tolima;Chaparral
25709.17;52;52399;Nariño;La Unión
4066.13;19;19364;Cauca;Jambaló
15423.43;17;17524;Caldas;Palestina
139552.45;81;81736;Arauca;Saravena
11117.66;18;18205;Caquetá;Curillo
2445.8;86;86219;Putumayo;Colón
37990.87;23;23678;Córdoba;San Carlos
19576;68;68573;Santander;Puerto Parra
4295.21;85;85279;Casanare;Recetor
134057.59;50;50680;Meta;San Carlos de Guaroa
1076875.12;76;76497;Valle del Cauca;Obando
16738.73;73;73352;Tolima;Icononzo
133848.72;68;68861;Santander;Vélez
5238;25;25224;Cundinamarca;Cucunubá
3011.73;15;15464;Boyacá;Mongua
3585.06;15;15693;Boyacá;Santa Rosa de Viterbo
54962.5;54;54743;Norte de Santander;Silos
3916.03;15;15522;Boyacá;Panqueba
59365.8;25;25377;Cundinamarca;La Calera
17356.74;68;68320;Santander;Guadalupe
2549.34;27;27075;Chocó;Bahía Solano (Mutis)
25579.77;70;70678;Sucre;San Benito Abad
64973.24;20;20550;Cesar;Pelaya
233217.04;19;19130;Cauca;Cajibío
32640.5;95;95025;Guaviare;El Retorno
11608.88;73;73236;Tolima;Dolores
15681.37;68;68322;Santander;Guapotá
18740.33;23;23300;Córdoba;Cotorra
7186.26;25;25040;Cundinamarca;Anolaima
44019.37;25;25260;Cundinamarca;El Rosal
2826.2;44;44035;La Guajira;Albania
50639.71;52;52506;Nariño;Ospina
4160;13;13490;Bolívar;Norosi
4154.8;44;44874;La Guajira;Villanueva
26305.06;66;66440;Risaralda;Marsella
79275.44;5;5148;Antioquia;Carmen de Viboral
1688.24;15;15621;Boyacá;Rondón
64322.61;5;5858;Antioquia;Vegachí
10465.59;17;17867;Caldas;Victoria
16923.21;54;54377;Norte de Santander;Labateca
64191.39;76;76122;Valle del Cauca;Caicedonia
180.22;15;15723;Boyacá;Sativasur
25981.84;5;5051;Antioquia;Arboletes
91090;13;13657;Bolívar;San Juan Nepomuceno
118981.49;15;15047;Boyacá;Aquitania
32309.81;50;50251;Meta;El Castillo
12049.69;68;68147;Santander;Capitanejo
3658.76;5;5854;Antioquia;Valdivia
10194.23;5;5660;Antioquia;San Luis
53295.96;68;68689;Santander;San Vicente de Chucurí
21353.81;25;25095;Cundinamarca;Bituima
460475.25;5;5045;Antioquia;Apartadó
1268.65;15;15790;Boyacá;Tasco
68005.35;15;15646;Boyacá;Samacá
22857.47;41;41770;Huila;Suaza
67845.39;73;73026;Tolima;Alvarado
2113.76;27;27413;Chocó;Lloró
60918.2;73;73616;Tolima;Rioblanco
18794.03;25;25518;Cundinamarca;Paime
113191.79;25;25875;Cundinamarca;Villeta
72919.02;50;50400;Meta;Lejanías
15944.43;15;15580;Boyacá;Quípama
3211.04;68;68169;Santander;Charta
15007.77;41;41319;Huila;Guadalupe
53356.32;15;15764;Boyacá;Soracá
10475;8;8520;Atlántico;Palmar de Varela
23744.75;41;41548;Huila;Pital
61674.81;25;25386;Cundinamarca;La Mesa
2146.27;8;8137;Atlántico;Campo de la Cruz
90644.4;81;81001;Arauca;Arauca
35142.61;19;19517;Cauca;Páez (Belalcázar)
3371.66;52;52390;Nariño;La Tola
77424.92;13;13244;Bolívar;El Carmen de Bolívar
2047.46;5;5347;Antioquia;Heliconia
9533.2;13;13030;Bolívar;Altos del Rosario
8810.14;15;15762;Boyacá;Sora
18868.9;23;23570;Córdoba;Pueblo Nuevo
46449.34;25;25320;Cundinamarca;Guaduas
538211.83;19;19845;Cauca;Villa Rica
8980.09;13;13673;Bolívar;Santa Catalina
89224.27;63;63401;Quindío;La Tebaida
3824.15;68;68432;Santander;Málaga
7230.02;25;25297;Cundinamarca;Gachetá
21649.51;41;41797;Huila;Tesalia
10629.92;41;41013;Huila;Agrado
23640.61;20;20228;Cesar;Curumaní
30067.76;18;18592;Caquetá;Puerto Rico
76756.68;54;54003;Norte de Santander;Ábrego
10100.64;41;41349;Huila;Hobo
6797.05;50;50686;Meta;San Juanito
27828.82;73;73686;Tolima;Santa Isabel
21541.1;86;86320;Putumayo;Orito
16907.97;13;13647;Bolívar;San Estanislao
30349.27;15;15776;Boyacá;Sutamarchán
32716.12;23;23068;Córdoba;Ayapel
103894.56;66;66001;Risaralda;Pereira
2514.98;25;25175;Cundinamarca;Chía
64936.86;41;41799;Huila;Tello
9331.19;52;52694;Nariño;San Pedro de Cartago (Cartago)
5002.39;18;18256;Caquetá;El Paujil
511;27;27135;Chocó;El Cantón del San Pablo (Managrú)
32672.8;76;76377;Valle del Cauca;La Cumbre
24320.98;5;5209;Antioquia;Concordia
72573.91;47;47288;Magdalena;Fundación
1524.49;52;52385;Nariño;La Llanada
31710;85;85125;Casanare;Hato Corozal
9618.52;27;27050;Chocó;Atrato (Yuto)
1401.16;5;5380;Antioquia;La Estrella
23805.41;25;25151;Cundinamarca;Cáqueza
5342.49;19;19290;Cauca;Florencia
50274.36;15;15051;Boyacá;Arcabuco
13087.96;25;25506;Cundinamarca;Venecia
28147.24;25;25258;Cundinamarca;El Peñón
19111.12;18;18610;Caquetá;San José del Fragua
65314.75;17;17662;Caldas;Samaná
3557.01;15;15244;Boyacá;El Cocuy
9605.11;15;15511;Boyacá;Pachavita
7152.2;54;54128;Norte de Santander;Cáchira
44517.98;50;50683;Meta;San Juan de Arama
12218.6;15;15224;Boyacá;Cucaita
56263.25;70;70265;Sucre;Guaranda
32227.98;68;68344;Santander;Hato
15330.74;13;13268;Bolívar;El Peñón
2224.72;15;15215;Boyacá;Corrales
22068.82;54;54480;Norte de Santander;Mutiscua
12106.97;70;70702;Sucre;San Juan de Betulia (Betulia)
84672.15;25;25653;Cundinamarca;San Cayetano
20287.19;5;5001;Antioquia;Medellín
116973.89;63;63470;Quindío;Montenegro
6262.42;68;68418;Santander;Los Santos
9889.99;5;5315;Antioquia;Guadalupe
5096.48;25;25871;Cundinamarca;Villagómez
5492.8;25;25181;Cundinamarca;Choachí
163650.01;5;5670;Antioquia;San Roque
42744.38;23;23574;Córdoba;Puerto Escondido
87534.91;20;20621;Cesar;La Paz
2401.94;5;5628;Antioquia;Sabanalarga
16022.43;25;25290;Cundinamarca;Fusagasugá
1070048.61;19;19455;Cauca;Miranda
67546.83;23;23090;Córdoba;Canalete
87566.74;54;54720;Norte de Santander;Sardinata
6808;13;13212;Bolívar;Córdoba
14636.28;25;25123;Cundinamarca;Cachipay
13863.24;5;5576;Antioquia;Pueblorrico
17319.45;47;47570;Magdalena;Puebloviejo
70888.08;73;73043;Tolima;Anzoátegui
5464.47;85;85400;Casanare;Támara
65056.03;20;20710;Cesar;San Alberto
81513.51;17;17614;Caldas;Riosucio
19917.63;17;17541;Caldas;Pensilvania
18643.66;52;52227;Nariño;Cumbal
48092.5;23;23162;Córdoba;Cereté
1194.67;27;27745;Chocó;Sipí
6569.17;15;15798;Boyacá;Tenza
15649.19;15;15755;Boyacá;Socotá
3998.34;68;68682;Santander;San Joaquín
110297.43;25;25649;Cundinamarca;San Bernardo
14908.96;52;52256;Nariño;El Rosario
15103.99;8;8433;Atlántico;Malambo
27509.07;5;5895;Antioquia;Zaragoza
44870.7;52;52678;Nariño;Samaniego
247.5;18;18479;Caquetá;Morelia
20970.23;52;52320;Nariño;Guaitarilla
9417.69;15;15759;Boyacá;Sogamoso
10431.46;73;73675;Tolima;San Antonio
4646.72;15;15226;Boyacá;Cuítiva
9672.08;5;5091;Antioquia;Betania
73679.64;17;17513;Caldas;Pácora
50335.87;5;5483;Antioquia;Nariño
68619.98;50;50450;Meta;Puerto Concordia
120129.88;81;81300;Arauca;Fortul
4824.58;15;15425;Boyacá;Macanal
23090.63;25;25898;Cundinamarca;Zipacón
3382.3;68;68296;Santander;Galán
3980.44;23;23682;Córdoba;San Jose de Ure
10758.37;27;27491;Chocó;Nóvita
121852.49;27;27150;Chocó;Carmen del Darién  (Curbaradó)
9781.68;52;52685;Nariño;San Bernardo
13480.79;25;25279;Cundinamarca;Fómeque
41348.35;5;5002;Antioquia;Abejorral
18606.9;27;27800;Chocó;Unguía
84919.87;41;41524;Huila;Palermo
35440.64;52;52250;Nariño;El Charco
7455.83;25;25053;Cundinamarca;Arbeláez
3426;8;8675;Atlántico;Santa Lucía
10001;99;99624;Vichada;Santa Rosalía
81947.52;68;68533;Santander;Páramo
19000.15;19;19743;Cauca;Silvia
21067.02;25;25743;Cundinamarca;Silvania
11059.52;68;68686;Santander;San Miguel
43.18;5;5631;Antioquia;Sabaneta
507402.06;76;76036;Valle del Cauca;Andalucía
4632.87;52;52565;Nariño;Providencia
57879.41;17;17088;Caldas;Belalcazar
976.89;68;68211;Santander;Contratación
16350.54;25;25779;Cundinamarca;Susa
34469.45;18;18029;Caquetá;Albania
57019.37;17;17777;Caldas;Supia
42447.22;15;15212;Boyacá;Coper
25187.45;54;54670;Norte de Santander;San Calixto
78832.99;50;50226;Meta;Cumaral
3603.1;25;25299;Cundinamarca;Gama
772.2;86;86755;Putumayo;San Francisco
39232.4;68;68502;Santander;Onzaga
4097.81;5;5761;Antioquia;Sopetrán
25091.08;25;25168;Cundinamarca;Chaguaní
14409.97;66;66383;Risaralda;La Celia
5937.73;68;68266;Santander;Enciso
7198.79;52;52693;Nariño;San Pablo
389070.98;5;5147;Antioquia;Carepa
5804.4;70;70771;Sucre;Sucre
56075.99;41;41006;Huila;Acevedo
11533.66;13;13001;Bolívar;Cartagena de Indias
426416;19;19212;Cauca;Corinto
908;25;25483;Cundinamarca;Nariño
4132.87;15;15808;Boyacá;Tinjacá
44922.05;47;47551;Magdalena;Pivijay
51632.63;52;52612;Nariño;Ricaurte
3457.42;8;8296;Atlántico;Galapa
10800.73;5;5792;Antioquia;Tarso
32325.57;15;15232;Boyacá;Chíquiza
45974.3;54;54800;Norte de Santander;Teorama
29265.4;73;73854;Tolima;Valle de San Juan
6368.76;27;27450;Chocó;Medio San Juan (Andagoya)
2428.67;73;73449;Tolima;Melgar
7025.64;68;68368;Santander;Jesús María
30391.34;15;15842;Boyacá;Úmbita
1083205.05;50;50573;Meta;Puerto López
83600.79;5;5440;Antioquia;Marinilla
7520.48;5;5206;Antioquia;Concepción
8408.57;25;25312;Cundinamarca;Granada
46580.31;73;73555;Tolima;Planadas
167334.15;54;54001;Norte de Santander;Cúcuta
25322.46;5;5093;Antioquia;Betulia
8600.4;86;86885;Putumayo;Villagarzón
158599.19;5;5134;Antioquia;Campamento
47079.12;99;99001;Vichada;Puerto Carreño
91559.9;25;25491;Cundinamarca;Nocaima
15251.31;15;15189;Boyacá;Ciénega
29798.43;99;99524;Vichada;La Primavera
1115.35;15;15322;Boyacá;Guateque
7333.2;47;47170;Magdalena;Chivolo
9503.1;13;13810;Bolívar;Tiquisio (Puerto Rico)
12887.16;19;19780;Cauca;Suárez
14035.24;86;86569;Putumayo;Puerto Caicedo
105527.18;85;85001;Casanare;Yopal
81714.88;5;5697;Antioquia;Santuario
59428.28;25;25394;Cundinamarca;La Palma
14575.7;15;15822;Boyacá;Tota
7464.44;97;97001;Vaupés;Mitú
6438.45;50;50245;Meta;El Calvario
65524.08;5;5856;Antioquia;Valparaiso
13855.52;5;5021;Antioquia;Alejandría
3503.73;68;68051;Santander;Aratoca
62049.82;66;66594;Risaralda;Quinchía
3727.85;68;68780;Santander;Suratá
22055.59;17;17050;Caldas;Aranzazu
8236.1;25;25839;Cundinamarca;Ubalá
25147.67;41;41615;Huila;Rivera
452881.09;15;15664;Boyacá;San José de Pare
10608.92;47;47707;Magdalena;Santa Ana
8460.83;68;68001;Santander;Bucaramanga
12789.6;73;73200;Tolima;Coello
11092.36;25;25322;Cundinamarca;Guasca
20482.28;52;52317;Nariño;Guachucal
7454.39;18;18410;Caquetá;Montañita
59736.47;20;20013;Cesar;Agustín Codazzi
13742.46;20;20750;Cesar;San Diego
14568.26;52;52573;Nariño;Puerres
3714.48;68;68160;Santander;Cepitá
36432;23;23419;Córdoba;Los Córdobas
40446.78;25;25326;Cundinamarca;Guatavita
14688.85;86;86757;Putumayo;San Miguel (La Dorada)
151381.82;25;25592;Cundinamarca;Quebradanegra
2755.98;15;15466;Boyacá;Monguí
146320.95;47;47189;Magdalena;Ciénaga
36147.97;15;15442;Boyacá;Maripí
158228.82;54;54810;Norte de Santander;Tibú
92410.89;18;18753;Caquetá;San Vicente del Caguán
4397.1;8;8638;Atlántico;Sabanalarga
34046.63;25;25524;Cundinamarca;Pandi
4417.99;15;15236;Boyacá;Chivor
226.19;5;5360;Antioquia;Itagüí
128539.53;5;5541;Antioquia;Peñol
93841.25;19;19392;Cauca;La Sierra
90584.81;66;66572;Risaralda;Pueblo Rico
1289547.84;76;76275;Valle del Cauca;Florida
104201.31;23;23500;Córdoba;Moñitos
30263;66;66400;Risaralda;La Virginia
23378.81;52;52210;Nariño;Contadero
6677.63;5;5647;Antioquia;San Andrés
360912.52;76;76622;Valle del Cauca;Roldanillo
410.4;27;27073;Chocó;Bagadó
17661.07;20;20295;Cesar;Gamarra
9153.12;54;54313;Norte de Santander;Gramalote
21180.09;5;5318;Antioquia;Guarne
228107.02;52;52411;Nariño;Linares
15912.63;47;47030;Magdalena;Algarrobo
78942.98;66;66088;Risaralda;Belén de Umbría
83500.81;13;13654;Bolívar;San Jacinto
89907.94;17;17272;Caldas;Filadelfia
7799.45;5;5004;Antioquia;Abriaquí
2929.9;15;15172;Boyacá;Chinavita
18563.05;25;25745;Cundinamarca;Simijaca
37999.12;54;54245;Norte de Santander;El Carmen
3652.03;15;15820;Boyacá;Tópaga
106328.71;47;47268;Magdalena;El Retén
68629.19;52;52356;Nariño;Ipiales
5800.78;73;73873;Tolima;Villarrica
9972.15;27;27250;Chocó;El Litoral del San Juán (Docordó)
31468.17;19;19001;Cauca;Popayán
3848.81;70;70230;Sucre;Chalán
6676.76;52;52258;Nariño;El Tablón
12589.39;5;5237;Antioquia;Don Matías
7905.95;15;15106;Boyacá;Briceño
27744.76;23;23686;Córdoba;San Pelayo
296517.9;25;25793;Cundinamarca;Tausa
1612.04;73;73770;Tolima;Suárez
7575.46;15;15325;Boyacá;Guayatá
14945.2;81;81591;Arauca;Puerto Rondón
11392.86;23;23464;Córdoba;Momil
4497.15;5;5306;Antioquia;Giraldo
766933.13;76;76834;Valle del Cauca;Tuluá
291383.95;15;15185;Boyacá;Chitaraque
255319.7;27;27615;Chocó;Riosucio
1301.23;25;25612;Cundinamarca;Ricaurte
847.24;15;15537;Boyacá;Paz de Rio
13264.2;18;18094;Caquetá;Belén de los Andaquíes
52233.39;23;23079;Córdoba;Buenavista
1060828.62;76;76364;Valle del Cauca;Jamundí
50024.79;20;20570;Cesar;Pueblo Bello
69302.4;85;85010;Casanare;Aguazul
10077.6;13;13052;Bolívar;Arjona
34813.13;41;41872;Huila;Villavieja
359644.76;50;50287;Meta;Fuente de Oro
77478.74;73;73504;Tolima;Ortega
10158.44;8;8849;Atlántico;Usiacurí
15839.4;52;52786;Nariño;Taminango
1127.96;68;68013;Santander;Aguada
13656.8;66;66318;Risaralda;Guática
15428.25;27;27660;Chocó;San José del Palmar
50917.95;5;5885;Antioquia;Yalí
25830.88;5;5308;Antioquia;Girardota
11616.55;25;25823;Cundinamarca;Topaipí
43603.23;73;73067;Tolima;Ataco
141935.19;41;41132;Huila;Campoalegre
18604.71;68;68500;Santander;Oiba
2304.14;15;15299;Boyacá;Garagoa
35496.65;5;5364;Antioquia;Jardín
16176.9;5;5665;Antioquia;San Pedro de Urabá
3004.18;18;18860;Caquetá;Valparaíso
53510.02;5;5040;Antioquia;Anorí
67634.87;76;76828;Valle del Cauca;Trujillo
66947.99;68;68209;Santander;Confines
32697.18;52;52687;Nariño;San Lorenzo
184635;81;81065;Arauca;Arauquita
16957.32;68;68020;Santander;Albania
4047.54;19;19050;Cauca;Argelia
25137.38;5;5495;Antioquia;Nechí
